{
  "timestamp": "20250806_112154",
  "total_tests": 19,
  "successful_tests": "18",
  "operations": {
    "encoding": {
      "count": 7,
      "avg_time": 14.711817423502604,
      "avg_memory": 14.295973709651403,
      "avg_fps": 3.6850295147248358
    },
    "context_ops": {
      "count": 6,
      "avg_time": 0.0010174115498860676,
      "avg_memory": 8.499919255574545,
      "avg_fps": 461504.91946914577
    },
    "mask_ops": {
      "count": 3,
      "avg_time": 0.013413694169786243,
      "avg_memory": 9.41059160232544,
      "avg_fps": 108768.74381118634
    },
    "generation": {
      "count": 3,
      "avg_time": 178.9901249408722,
      "avg_memory": 18.124292214711506,
      "avg_fps": 0.517860662577827
    }
  },
  "system_info": {
    "platform": "linux",
    "python_version": "3.10.18 (main, Jun  5 2025, 13:14:17) [GCC 11.2.0]",
    "torch_version": "2.5.1+cu121",
    "cuda_available": true,
    "cuda_version": "12.1",
    "gpu_count": 1,
    "gpu_name": "NVIDIA GeForce RTX 3090",
    "gpu_memory_gb": 23.56951904296875,
    "cpu_count": 36,
    "ram_gb": 125.48003768920898
  }
}